employee_name,total_deals,total_revenue,conversion_rate,average_sale_cycle_days
Alice,58,107221,0.3815658127047251,47
Bob,29,54131,0.49766346778736525,35
Charlie,38,70263,0.3976634677873653,21
Diana,24,26023,0.285244452888315,49
Ethan,20,51090,0.28349594814648427,49
Fiona,17,77221,0.10211989156591522,34
George,38,74820,0.10691872751242473,49
Hannah,30,10769,0.2574323980775168,38
Irene,16,69735,0.21995829151457666,31
Jack,35,72955,0.11399969896408463,42
